product_id,상품명,카테고리,소분류,원재료상품,표시사항출처,이미지수,원재료명_있음,알레르기함유_있음,같은시설_있음,3가지중_있음,비고,원재료명_내용,원재료명_읽은방법,원재료명_알레르겐,함유_알레르기,같은시설_알레르기,근거문장,이미지폴더
1001421849,[강훈목장] 수제 드링크 요거트 블루베리 1000mL,유제품,요거트·생크림,False,notice,1,False,False,False,0,이미지 확인 필요,,,,,,,label_images\1001421849
1000561905,[한국야쿠르트] 헬리코박터 프로젝트 윌 500mL,유제품,요거트·생크림,False,pi,1,False,False,False,0,이미지 확인 필요,,,,,,,label_images\1000561905
1001866537,[그랑도르] 유럽 브리 치즈 125g,유제품,가공치즈,False,notice,1,False,False,False,0,이미지 확인 필요,,,,,,,label_images\1001866537
1000357241,[안국건강] 코엔자임Q10 코큐텐 (60일분),건강식품,영양제,False,fallback,1,False,False,False,0,이미지 확인 필요,,,,,,,label_images\1000357241
5051433,[엔젯오리진] 프리미엄 프로폴리스 구강 스프레이 15ml x  3개입,건강식품,영양제,False,pi,1,False,False,False,0,이미지 확인 필요,,,,,,,label_images\5051433
5055411,[한미양행] 프로폴리스 프리미엄(30일분),건강식품,영양제,False,fallback,1,False,False,False,0,이미지 확인 필요,,,,,,,label_images\5055411
1001380419,[뉴오리진] 이너플로라 보라지유 (30일분),건강식품,영양제,False,fallback,2,False,False,False,0,이미지 확인 필요,,,,,,,label_images\1001380419
5099198,[장만순산삼가] 공의보 1환,건강식품,건강분말·건강환,False,pi,1,False,False,False,0,이미지 확인 필요,,,,,,,label_images\5099198
5043705,[선물세트] 장만순산삼가 공의보 +(쇼핑백 증정),건강식품,건강분말·건강환,False,pi,1,False,False,False,0,이미지 확인 필요,,,,,,,label_images\5043705
5034059,[선물세트] 송강당 송강공진보 진 (보자기 포장),건강식품,건강분말·건강환,False,pi,1,False,False,False,0,이미지 확인 필요,,,,,,,label_images\5034059
5007319,[선물세트] 송강당 맥공진보,건강식품,건강분말·건강환,False,pi,1,False,False,False,0,이미지 확인 필요,,,,,,,label_images\5007319
5044317,[함소아] 함소아 비타민D 1000IU (60일분),건강식품,"유아동, 키즈",False,pi,1,False,False,False,0,이미지 확인 필요,,,,,,,label_images\5044317
5056850,[올키] 비타젤리 열대과일맛 (15일분),건강식품,"유아동, 키즈",False,notice,1,False,False,False,0,이미지 확인 필요,,,,,,,label_images\5056850
1002372856,[듀오락] 얌얌 프로바이오틱스 유산균 (40일분),건강식품,"유아동, 키즈",False,notice,1,False,False,False,0,이미지 확인 필요,,,,,,,label_images\1002372856
1002341334,[고려은단] 메가도스D 4000IU (120일분),건강식품,비타민·미네랄,False,notice,1,False,False,False,0,이미지 확인 필요,,,,,,,label_images\1002341334
1002501312,박카스O액 30ml 5개입 (5일분),건강식품,비타민·미네랄,False,notice,1,False,False,False,0,이미지 확인 필요,,,,,,,label_images\1002501312
5025433,[안국건강] 안심 마그네슘 (30일분),건강식품,비타민·미네랄,False,fallback,1,False,False,False,0,이미지 확인 필요,,,,,,,label_images\5025433
1002341087,[고려은단] 비타민C 1000 이지+비타민D (60일분),건강식품,비타민·미네랄,False,notice,1,False,False,False,0,이미지 확인 필요,,,,,,,label_images\1002341087
5086562,[안국건강] 안심 칼슘마그네슘디 90정 (30일분),건강식품,비타민·미네랄,False,fallback,1,False,False,False,0,이미지 확인 필요,,,,,,,label_images\5086562
1000204508,[골든허니콤] 벌집꿀 200g,건강식품,꿀·과일청,False,pi,1,False,False,False,0,이미지 확인 필요,,,,,,,label_images\1000204508
1000444802,[콤비타] UMF10+ 퓨어 100% 마누카꿀 로젠지 6개입,건강식품,꿀·과일청,False,pi,1,False,False,False,0,이미지 확인 필요,,,,,,,label_images\1000444802
1002149678,"[동서] 아카시아꿀(튜브타입) 2종, 택1",건강식품,꿀·과일청,False,notice,2,False,False,False,0,이미지 확인 필요,,,,,,,label_images\1002149678
1000204528,[지리산한봉영농조합] 지리산 벌집꿀 260g,건강식품,꿀·과일청,False,pi,1,False,False,False,0,이미지 확인 필요,,,,,,,label_images\1000204528
1001823373,[아코로얄] 프리미엄 로얄젤리 주니어 500mg 유니카도스 10병,건강식품,꿀·과일청,False,fallback,3,False,False,False,0,이미지 확인 필요,,,,,,,label_images\1001823373
1000572093,[끌레르허니] 천연 꿀스틱 30포 (아카시아꿀 10포+야생화꿀 10포+밤꿀 10포),건강식품,꿀·과일청,False,pi,1,False,False,False,0,이미지 확인 필요,,,,,,,label_images\1000572093
1001823376,[아코로얄] 프리미엄 로얄젤리 2500mg 유니카도스 2종 (10병/ 20병) 택1,건강식품,꿀·과일청,False,fallback,2,False,False,False,0,이미지 확인 필요,,,,,,,label_images\1001823376
1001823371,[아코로얄] 로얄젤리 구미 60개입,건강식품,꿀·과일청,False,fallback,3,False,False,False,0,이미지 확인 필요,,,,,,,label_images\1001823371
1000654414,[-23.5] 이십삼쩜오 허니스틱 꿀 선물세트 2종 (30포/90포) + 쇼핑백 증정,건강식품,꿀·과일청,False,pi,1,False,False,False,0,이미지 확인 필요,,,,,,,label_images\1000654414
1000929378,"[쌍계명차] 지리산 벌꿀 5종 세트 (아카시아꿀, 때죽꿀, 벚꽃꿀, 야생화꿀, 밤꿀)",건강식품,꿀·과일청,False,notice+pi,2,False,False,False,0,이미지 확인 필요,,,,,,,label_images\1000929378
1000894369,[뉴트리원] 비비랩 사이클 다이어트 퍼플 (28일분),건강식품,체중관리,False,fallback,2,False,False,False,0,이미지 확인 필요,,,,,,,label_images\1000894369
1000219362,[푸드올로지] 콜레 티 워터 500ml x 6개입,건강식품,체중관리,False,pi,1,False,False,False,0,이미지 확인 필요,,,,,,,label_images\1000219362
1001084575,[동원] Dole 컵젤리 200g 7종,간식·과자·떡,초콜릿·젤리·캔디,False,notice,7,False,False,False,0,이미지 확인 필요,,,,,,,label_images\1001084575
5056008,[두레촌] 강원도 강냉이,간식·과자·떡,과자·간식,False,pi,1,False,False,False,0,이미지 확인 필요,,,,,,,label_images\5056008
1002129007,[농심] 매운새우깡 90g,간식·과자·떡,과자·간식,False,notice,1,False,False,False,0,이미지 확인 필요,,,,,,,label_images\1002129007
1002129012,[농심] 감자깡 75g,간식·과자·떡,과자·간식,False,notice,1,False,False,False,0,이미지 확인 필요,,,,,,,label_images\1002129012
5071480,[로우키] 커피 캡슐 (5.5g X 10개)(네스프레소 호환),커피·차,캡슐커피,False,pi,1,False,False,False,0,이미지 확인 필요,,,,,,,label_images\5071480
5053629,[언더프레셔] 블랙&화이트 디카페인 콜드브루 200mL,커피·차,콜드브루,False,pi,1,False,False,False,0,이미지 확인 필요,,,,,,,label_images\5053629
5036908,[나무사이로] 와이칸 콜드브루 500mL,커피·차,콜드브루,False,pi,1,False,False,False,0,이미지 확인 필요,,,,,,,label_images\5036908
5075630,[폴 바셋] 바리스타 돌체라떼 330mL,커피·차,커피음료,False,pi,1,False,False,False,0,이미지 확인 필요,,,,,,,label_images\5075630
1000145460,[폴 바셋] 바리스타 돌체라떼 (330mL X 12개),커피·차,커피음료,False,pi,1,False,False,False,0,이미지 확인 필요,,,,,,,label_images\1000145460
1001156424,[뉴믹스] 바나나우유맛 커피 파우더 스틱 (20g X 10포),커피·차,인스턴트 커피,False,notice,1,False,False,False,0,이미지 확인 필요,,,,,,,label_images\1001156424
5067817,[차합시다] 양평 수제 대추씨차 100g,커피·차,곡물차/전통차,False,pi,1,False,False,False,0,이미지 확인 필요,,,,,,,label_images\5067817
1000916913,[올가] 유기농 발아 블랙보리차 500g,커피·차,곡물차/전통차,False,pi,1,False,False,False,0,이미지 확인 필요,,,,,,,label_images\1000916913
1002420641,[꽃을담다] 무카페인 나비 꽃차 선물세트 (6종 X 3개입),커피·차,허브차/꽃차/과일차,False,notice,1,False,False,False,0,이미지 확인 필요,,,,,,,label_images\1002420641
1001197794,[꽃을담다] 벚꽃 꽃송이차 10g,커피·차,허브차/꽃차/과일차,False,notice,1,False,False,False,0,이미지 확인 필요,,,,,,,label_images\1001197794
1001197801,[꽃을담다] 쑥꽃 꽃송이차 10g,커피·차,허브차/꽃차/과일차,False,notice,1,False,False,False,0,이미지 확인 필요,,,,,,,label_images\1001197801
1001197796,[꽃을담다] 목련 꽃송이차 10g,커피·차,허브차/꽃차/과일차,False,notice,1,False,False,False,0,이미지 확인 필요,,,,,,,label_images\1001197796
1001197792,[꽃을담다] 메리골드 꽃송이차 10g,커피·차,허브차/꽃차/과일차,False,notice,1,False,False,False,0,이미지 확인 필요,,,,,,,label_images\1001197792
1002138634,[오설록] 티 모먼트 선물세트 (와플 조립 세트),커피·차,허브차/꽃차/과일차,False,fallback,2,False,False,False,0,이미지 확인 필요,,,,,,,label_images\1002138634
1000506781,[청숨] 통째로 갈아만든 매실,커피·차,액상차/청,False,pi,1,False,False,False,0,이미지 확인 필요,,,,,,,label_images\1000506781
5042214,[초록원] 제주 청귤차 1kg,커피·차,액상차/청,False,pi,1,False,False,False,0,이미지 확인 필요,,,,,,,label_images\5042214
5041664,[초록원] 꿀생강차 1kg,커피·차,액상차/청,False,pi,1,False,False,False,0,이미지 확인 필요,,,,,,,label_images\5041664
5042220,[초록원] 유자차 2종,커피·차,액상차/청,False,pi,1,False,False,False,0,이미지 확인 필요,,,,,,,label_images\5042220
5042215,[초록원] 꿀 레몬차 1kg,커피·차,액상차/청,False,pi,1,False,False,False,0,이미지 확인 필요,,,,,,,label_images\5042215
1001197786,[꽃을담다] 러블리꽃송이차 선물세트,커피·차,커피/차 선물세트,False,notice,1,False,False,False,0,이미지 확인 필요,,,,,,,label_images\1001197786
1001197788,[꽃을담다] 플라워티스틱 선물세트,커피·차,커피/차 선물세트,False,notice,1,False,False,False,0,이미지 확인 필요,,,,,,,label_images\1001197788
5001046,무말랭이 200g,채소,시금치·쌈채소·나물,False,pi,1,False,False,False,0,이미지 확인 필요,,,,,,,label_images\5001046
1001486329,국산 냉동 블루베리 (14mm) 500g,과일·견과·쌀,냉동·건과일,False,notice,1,False,False,False,0,이미지 확인 필요,,,,,,,label_images\1001486329
5003644,[네니아] 아이스 홍시 240g (60g X 4개),과일·견과·쌀,냉동·건과일,False,pi,1,False,False,False,0,이미지 확인 필요,,,,,,,label_images\5003644
5008882,경산 건대추 200g (특초),과일·견과·쌀,냉동·건과일,False,pi,1,False,False,False,0,이미지 확인 필요,,,,,,,label_images\5008882
5054884,GAP 냉동 청도 산딸기 250g,과일·견과·쌀,냉동·건과일,False,pi,1,False,False,False,0,이미지 확인 필요,,,,,,,label_images\5054884
5076501,냉동 오디 300g (국산),과일·견과·쌀,냉동·건과일,False,pi,2,False,False,False,0,이미지 확인 필요,,,,,,,label_images\5076501
1000072159,경산 건대추 (별초) 300g,과일·견과·쌀,냉동·건과일,False,pi,1,False,False,False,0,이미지 확인 필요,,,,,,,label_images\1000072159
1000072157,경산 실속 건대추 (상초) 300g,과일·견과·쌀,냉동·건과일,False,pi,1,False,False,False,0,이미지 확인 필요,,,,,,,label_images\1000072157
5000581,청도 반시 감말랭이 300g,과일·견과·쌀,냉동·건과일,False,notice+pi,2,False,False,False,0,이미지 확인 필요,,,,,,,label_images\5000581
5152714,국산 유기농 말린 경조정 (건포도) 150g,과일·견과·쌀,냉동·건과일,False,pi,1,False,False,False,0,이미지 확인 필요,,,,,,,label_images\5152714
1000230000,[감코리아] 각양각색 소용량 곶감 3종 (택1),과일·견과·쌀,냉동·건과일,False,pi,1,False,False,False,0,이미지 확인 필요,,,,,,,label_images\1000230000
1001610759,[MD's Pick] 18mm 이상 국산 유기농 냉동 블루베리 500g,과일·견과·쌀,냉동·건과일,False,fallback,7,False,False,False,0,이미지 확인 필요,,,,,,,label_images\1001610759
5004778,유기인증 자른미역 30g (10인분 내외),수산·해산·건어물,김·미역·해조류,False,pi,1,False,False,False,0,이미지 확인 필요,,,,,,,label_images\5004778
5054618,[씨드] 조각 다시마 50g,수산·해산·건어물,김·미역·해조류,False,pi,1,False,False,False,0,이미지 확인 필요,,,,,,,label_images\5054618
5054616,[씨드] 조각 미역 30g (10인분 내외),수산·해산·건어물,김·미역·해조류,False,pi,1,False,False,False,0,이미지 확인 필요,,,,,,,label_images\5054616
1000146854,"대관령눈마을 황태 100g 2종, 택1 ",수산·해산·건어물,멸치·황태·다시팩,False,pi,1,False,False,False,0,이미지 확인 필요,,,,,,,label_images\1000146854
5051721,[바다원] 홍새우 100g,수산·해산·건어물,멸치·황태·다시팩,False,pi,1,False,False,False,0,이미지 확인 필요,,,,,,,label_images\5051721
5051720,[바다원] 국산 보리새우 100g,수산·해산·건어물,멸치·황태·다시팩,False,pi,1,False,False,False,0,이미지 확인 필요,,,,,,,label_images\5051720
1002387687,[선물세트] 바다원 실속 가득 멸치 3종 세트,수산·해산·건어물,멸치·황태·다시팩,False,notice,1,False,False,False,0,이미지 확인 필요,,,,,,,label_images\1002387687
1000261141,"[만선] 두툼한 양념장어구이 2종, 택1 (냉동)",수산·해산·건어물,수산가공품,False,pi,1,False,False,False,0,이미지 확인 필요,,,,,,,label_images\1000261141
1001180057,[본죽] 부추 꼬막 무침,수산·해산·건어물,수산가공품,False,notice,1,False,False,False,0,이미지 확인 필요,,,,,,,label_images\1001180057
1000271155,[김정배명인] 양념새우젓 150g,수산·해산·건어물,젓갈·장류,False,pi,1,False,False,False,0,이미지 확인 필요,,,,,,,label_images\1000271155
1001448392,[더건강한] 닭가슴살 샐러드 톡톡 96g,정육·가공육·달걀,식단관리용 가공육,False,notice,1,False,False,False,0,이미지 확인 필요,,,,,,,label_images\1001448392
1000305041,[비비고] 썰은배추김치 300G,국·반찬·메인요리,김치·젓갈·장류,False,pi,1,False,False,False,0,이미지 확인 필요,,,,,,,label_images\1000305041
5156468,[종가] 담백한 나박김치 1.2kg,국·반찬·메인요리,김치·젓갈·장류,False,pi,1,False,False,False,0,이미지 확인 필요,,,,,,,label_images\5156468
5070652,[풀무원] 소가 부드러운 찌개두부 300g,국·반찬·메인요리,두부·어묵·부침개,False,pi,1,False,False,False,0,이미지 확인 필요,,,,,,,label_images\5070652
1001381959,[CJ] 행복한콩 부침두부 380g,국·반찬·메인요리,두부·어묵·부침개,False,notice,1,False,False,False,0,이미지 확인 필요,,,,,,,label_images\1001381959
1002428308,"[포스트] 오레오 오즈바 2종, 택1",간편식·밀키트·샐러드,선식·시리얼,False,notice,2,False,False,False,0,이미지 확인 필요,,,,,,,label_images\1002428308
5031377,[추억의 국민학교 떡볶이] 국떡 2종,간편식·밀키트·샐러드,떡볶이·튀김·순대,False,pi,1,False,False,False,0,이미지 확인 필요,,,,,,,label_images\5031377
1002042275,[비비고] 365 교자만두287g*2,간편식·밀키트·샐러드,치킨·피자·핫도그·만두,False,fallback,1,False,False,False,0,이미지 확인 필요,,,,,,,label_images\1002042275
5157270,[소다미] 하동 매실청 원액2종 (500ml/1000ml),면·양념·오일,양념·액젓·장류,False,pi,1,False,False,False,0,이미지 확인 필요,,,,,,,label_images\5157270
1002206199,[해찬들] 100% 태양초 우리쌀 고추장 200G,면·양념·오일,양념·액젓·장류,False,notice,1,False,False,False,0,이미지 확인 필요,,,,,,,label_images\1002206199
1002051498,[미원] 맛소금 100g,면·양념·오일,양념·액젓·장류,False,notice,1,False,False,False,0,이미지 확인 필요,,,,,,,label_images\1002051498
1000234103,[선물세트] [셀루살] 안데스 소금 지퍼백 3종 세트,면·양념·오일,면·양념·오일 선물세트,False,pi,1,False,False,False,0,이미지 확인 필요,,,,,,,label_images\1000234103
1002206635,[백설] 고소함가득 참기름 450ML,면·양념·오일,식용유·참기름·오일,False,notice,1,False,False,False,0,이미지 확인 필요,,,,,,,label_images\1002206635
1001088739,[백설] 2배 바삭 튀김유 900mL,면·양념·오일,식용유·참기름·오일,False,notice,1,False,False,False,0,이미지 확인 필요,,,,,,,label_images\1001088739
5040908,[산줄리아노] 페페로치노 25g,면·양념·오일,소금·설탕·향신료,False,notice+pi,2,False,False,False,0,이미지 확인 필요,,,,,,,label_images\5040908
1001539821,[백설] 하얀설탕 1kg,면·양념·오일,소금·설탕·향신료,False,fallback,1,False,False,False,0,이미지 확인 필요,,,,,,,label_images\1001539821
5004491,[청정원] 순수천혜염 천일염 굵은소금,면·양념·오일,소금·설탕·향신료,False,pi,1,False,False,False,0,이미지 확인 필요,,,,,,,label_images\5004491
5054185,[햇님마을] 깨소금 100g,면·양념·오일,소금·설탕·향신료,False,pi,1,False,False,False,0,이미지 확인 필요,,,,,,,label_images\5054185
1001539823,[백설] 흑설탕 1kg,면·양념·오일,소금·설탕·향신료,False,fallback,1,False,False,False,0,이미지 확인 필요,,,,,,,label_images\1001539823
1001539829,[백설] 요리올리고당 700g,면·양념·오일,소금·설탕·향신료,False,fallback,1,False,False,False,0,이미지 확인 필요,,,,,,,label_images\1001539829
1000270153,[동원] DHA 참치 250g,면·양념·오일,햄·통조림·병조림,False,pi,1,False,False,False,0,이미지 확인 필요,,,,,,,label_images\1000270153
5042606,[동원] 살코기 참치 85g X 8캔,면·양념·오일,햄·통조림·병조림,False,pi,1,False,False,False,0,이미지 확인 필요,,,,,,,label_images\5042606
1001565024,[마루미야] 후리카케 3종,면·양념·오일,대용량 가공식품,False,fallback,1,False,False,False,0,이미지 확인 필요,,,,,,,label_images\1001565024
1001084611,[동원] 양반100밥 오미밥 130g*24개입,면·양념·오일,대용량 가공식품,False,notice,1,False,False,False,0,이미지 확인 필요,,,,,,,label_images\1001084611
1001072872,[제주 삼다수] 무라벨 생수 (2L X 6개)(유/무라벨 랜덤),생수·음료,생수/얼음,False,notice+pi,2,False,False,False,0,생수·얼음 (원재료·알레르기 표시 대상 아님),,,,,,,label_images\1001072872
1001723502,[지리산물하나] ECO 무라벨 생수 (2LX6개),생수·음료,생수/얼음,False,pi,1,False,False,False,0,생수·얼음 (원재료·알레르기 표시 대상 아님),,,,,,,label_images\1001723502
1000929718,[제주 삼다수] 무라벨 생수 (500mL X 20개)(유/무라벨 랜덤),생수·음료,생수/얼음,False,pi,1,False,False,False,0,생수·얼음 (원재료·알레르기 표시 대상 아님),,,,,,,label_images\1000929718
1000378345,[제주 삼다수] 무라벨 생수 (330mL X 20개),생수·음료,생수/얼음,False,pi,1,False,False,False,0,생수·얼음 (원재료·알레르기 표시 대상 아님),,,,,,,label_images\1000378345
1000400638,[지리산물하나] ECO 무라벨 (500mL X 20개),생수·음료,생수/얼음,False,pi,1,False,False,False,0,생수·얼음 (원재료·알레르기 표시 대상 아님),,,,,,,label_images\1000400638
1001383099,[풀무원샘물] 무라벨 생수 (2L X 6개),생수·음료,생수/얼음,False,notice,1,False,False,False,0,생수·얼음 (원재료·알레르기 표시 대상 아님),,,,,,,label_images\1001383099
1001578964,[제주 삼다수] 무라벨 생수 (1L X 9개),생수·음료,생수/얼음,False,notice,1,False,False,False,0,생수·얼음 (원재료·알레르기 표시 대상 아님),,,,,,,label_images\1001578964
1001044419,[몽베스트] 생수 위드어스(무라벨) (500mL X 20개),생수·음료,생수/얼음,False,notice+pi,2,False,False,False,0,생수·얼음 (원재료·알레르기 표시 대상 아님),,,,,,,label_images\1001044419
1000896588,[지리산물하나] ECO 무라벨 (1L X 6개),생수·음료,생수/얼음,False,pi,1,False,False,False,0,생수·얼음 (원재료·알레르기 표시 대상 아님),,,,,,,label_images\1000896588
1001068573,[동원샘물] 무라벨 생수 (2L X 6개),생수·음료,생수/얼음,False,notice,1,False,False,False,0,생수·얼음 (원재료·알레르기 표시 대상 아님),,,,,,,label_images\1001068573
1001060517,[몽베스트] 생수 위드어스(무라벨) (2L X 6개),생수·음료,생수/얼음,False,notice+pi,2,False,False,False,0,생수·얼음 (원재료·알레르기 표시 대상 아님),,,,,,,label_images\1001060517
1001068575,[동원샘물] 무라벨 생수 (500mL X 20개),생수·음료,생수/얼음,False,notice,1,False,False,False,0,생수·얼음 (원재료·알레르기 표시 대상 아님),,,,,,,label_images\1001068575
1001044421,[몽베스트] 생수 위드어스(무라벨) (330mL X 20개),생수·음료,생수/얼음,False,notice+pi,2,False,False,False,0,생수·얼음 (원재료·알레르기 표시 대상 아님),,,,,,,label_images\1001044421
1001696519,[평창수] 무라벨 생수 2L*6개,생수·음료,생수/얼음,False,notice,1,False,False,False,0,생수·얼음 (원재료·알레르기 표시 대상 아님),,,,,,,label_images\1001696519
1001383110,[풀무원샘물] 무라벨 생수 (500mL X 20개),생수·음료,생수/얼음,False,notice,1,False,False,False,0,생수·얼음 (원재료·알레르기 표시 대상 아님),,,,,,,label_images\1001383110
1001044417,[몽베스트] 생수 위드어스(무라벨) (1L X 9개),생수·음료,생수/얼음,False,notice+pi,2,False,False,False,0,생수·얼음 (원재료·알레르기 표시 대상 아님),,,,,,,label_images\1001044417
1001393701,[풀무원샘물] 무라벨 퓨어 생수 (2L X 6개),생수·음료,생수/얼음,False,notice,1,False,False,False,0,생수·얼음 (원재료·알레르기 표시 대상 아님),,,,,,,label_images\1001393701
1000793121,[제주 삼다수] 생수 무라벨 2L X 12개 (단품),생수·음료,생수/얼음,False,fallback,4,False,False,False,0,생수·얼음 (원재료·알레르기 표시 대상 아님),,,,,,,label_images\1000793121
5042312,[아이시스8.0] 무라벨 생수 1L*6개,생수·음료,생수/얼음,False,pi,1,False,False,False,0,생수·얼음 (원재료·알레르기 표시 대상 아님),,,,,,,label_images\5042312
5053097,[하이트진로] 석수 무라벨 생수 (2L X 6개),생수·음료,생수/얼음,False,notice+pi,2,False,False,False,0,생수·얼음 (원재료·알레르기 표시 대상 아님),,,,,,,label_images\5053097
1000400640,[지리산물하나] ECO 무라벨 (330mL X 20개),생수·음료,생수/얼음,False,pi,1,False,False,False,0,생수·얼음 (원재료·알레르기 표시 대상 아님),,,,,,,label_images\1000400640
5054589,[Kurly's] 무라벨 해양심층수 (500mL X 20개),생수·음료,생수/얼음,False,pi,1,False,False,False,0,생수·얼음 (원재료·알레르기 표시 대상 아님),,,,,,,label_images\5054589
5053098,[하이트진로] 석수 무라벨 생수 (500mL X 20개),생수·음료,생수/얼음,False,notice+pi,2,False,False,False,0,생수·얼음 (원재료·알레르기 표시 대상 아님),,,,,,,label_images\5053098
1001393705,[풀무원샘물] 무라벨 퓨어 생수 (330mL X 20개),생수·음료,생수/얼음,False,notice,1,False,False,False,0,생수·얼음 (원재료·알레르기 표시 대상 아님),,,,,,,label_images\1001393705
1001393703,[풀무원샘물] 무라벨 퓨어 생수 (500mL X 20개),생수·음료,생수/얼음,False,notice,1,False,False,False,0,생수·얼음 (원재료·알레르기 표시 대상 아님),,,,,,,label_images\1001393703
5041959,[미네랄워터] 피지 워터 4종 (묶음) (택1),생수·음료,생수/얼음,False,pi,1,False,False,False,0,생수·얼음 (원재료·알레르기 표시 대상 아님),,,,,,,label_images\5041959
1001383112,[풀무원샘물] 무라벨 생수 (330mL X 20개),생수·음료,생수/얼음,False,notice,1,False,False,False,0,생수·얼음 (원재료·알레르기 표시 대상 아님),,,,,,,label_images\1001383112
5031798,[아이시스8.0] 무라벨 생수 200mL*20개,생수·음료,생수/얼음,False,notice+pi,2,False,False,False,0,생수·얼음 (원재료·알레르기 표시 대상 아님),,,,,,,label_images\5031798
1000902972,[아이시스8.0] 무라벨 생수 300mL*20개,생수·음료,생수/얼음,False,notice+pi,2,False,False,False,0,생수·얼음 (원재료·알레르기 표시 대상 아님),,,,,,,label_images\1000902972
5031800,[아이시스8.0] 무라벨 생수 2L*6개,생수·음료,생수/얼음,False,notice+pi,2,False,False,False,0,생수·얼음 (원재료·알레르기 표시 대상 아님),,,,,,,label_images\5031800
5045516,[아워홈] 지리산수 핑크 (500mL X 20개),생수·음료,생수/얼음,False,notice+pi,2,False,False,False,0,생수·얼음 (원재료·알레르기 표시 대상 아님),,,,,,,label_images\5045516
5045517,[아워홈] 지리산수 핑크 (330mL X 20개),생수·음료,생수/얼음,False,notice+pi,2,False,False,False,0,생수·얼음 (원재료·알레르기 표시 대상 아님),,,,,,,label_images\5045517
1000793113,[제주 삼다수] 생수 무라벨 2L X 24개 (단품),생수·음료,생수/얼음,False,fallback,4,False,False,False,0,생수·얼음 (원재료·알레르기 표시 대상 아님),,,,,,,label_images\1000793113
1000793100,[제주 삼다수] 생수 무라벨 500mL X 40개 (단품),생수·음료,생수/얼음,False,fallback,4,False,False,False,0,생수·얼음 (원재료·알레르기 표시 대상 아님),,,,,,,label_images\1000793100
5047727,[딥스] 미네랄워터 해양심층수 키즈 (300mL X 20개),생수·음료,생수/얼음,False,pi,1,False,False,False,0,생수·얼음 (원재료·알레르기 표시 대상 아님),,,,,,,label_images\5047727
1002369677,[VOSS] 보스 프리미엄 생수 2종,생수·음료,생수/얼음,False,notice,2,False,False,False,0,생수·얼음 (원재료·알레르기 표시 대상 아님),,,,,,,label_images\1002369677
1001848229,[어스워터] 캐나다 생수 (330mL X 24개),생수·음료,생수/얼음,False,notice,2,False,False,False,0,생수·얼음 (원재료·알레르기 표시 대상 아님),,,,,,,label_images\1001848229
5036559,[미네랄워터] 딥스 해양심층수 골드 2종 (택1),생수·음료,생수/얼음,False,pi,1,False,False,False,0,생수·얼음 (원재료·알레르기 표시 대상 아님),,,,,,,label_images\5036559
1001696516,[평창수] 무라벨 생수 500mL*20개,생수·음료,생수/얼음,False,fallback,1,False,False,False,0,생수·얼음 (원재료·알레르기 표시 대상 아님),,,,,,,label_images\1001696516
5031799,[아이시스8.0] 무라벨 생수 500mL*20개,생수·음료,생수/얼음,False,notice+pi,2,False,False,False,0,생수·얼음 (원재료·알레르기 표시 대상 아님),,,,,,,label_images\5031799
1000793118,[제주 삼다수] 생수 무라벨 2L X 18개 (단품),생수·음료,생수/얼음,False,fallback,4,False,False,False,0,생수·얼음 (원재료·알레르기 표시 대상 아님),,,,,,,label_images\1000793118
1002421767,[동원샘물] 무라벨 생수 (300mL X 20개),생수·음료,생수/얼음,False,notice,1,False,False,False,0,생수·얼음 (원재료·알레르기 표시 대상 아님),,,,,,,label_images\1002421767
1001458094,[코카콜라] 휘오 울림워터 울릉도생수 450mL*24개,생수·음료,생수/얼음,False,notice,1,False,False,False,0,생수·얼음 (원재료·알레르기 표시 대상 아님),,,,,,,label_images\1001458094
1000793097,[제주 삼다수] 생수 무라벨 500mL X 60개 (단품),생수·음료,생수/얼음,False,fallback,4,False,False,False,0,생수·얼음 (원재료·알레르기 표시 대상 아님),,,,,,,label_images\1000793097
1001501228,[팔도] 뽀로로 무라벨 생수 (250mL X 20개),생수·음료,생수/얼음,False,notice,2,False,False,False,0,생수·얼음 (원재료·알레르기 표시 대상 아님),,,,,,,label_images\1001501228
1000809781,[제주 삼다수] 생수 무라벨 2L X 36개 (단품),생수·음료,생수/얼음,False,fallback,4,False,False,False,0,생수·얼음 (원재료·알레르기 표시 대상 아님),,,,,,,label_images\1000809781
1002421763,[동원샘물] 무라벨 생수 (1.1L X 12개),생수·음료,생수/얼음,False,notice,1,False,False,False,0,생수·얼음 (원재료·알레르기 표시 대상 아님),,,,,,,label_images\1002421763
1000809784,[제주 삼다수] 생수 무라벨 500mL X 100개 (단품),생수·음료,생수/얼음,False,fallback,4,False,False,False,0,생수·얼음 (원재료·알레르기 표시 대상 아님),,,,,,,label_images\1000809784
1002347267,[에비앙] 천연광천수 글라스 생수 2종 (택1),생수·음료,생수/얼음,False,notice,2,False,False,False,0,생수·얼음 (원재료·알레르기 표시 대상 아님),,,,,,,label_images\1002347267
1000793115,[제주 삼다수] 생수 무라벨 500mL X 80개 (단품),생수·음료,생수/얼음,False,fallback,4,False,False,False,0,생수·얼음 (원재료·알레르기 표시 대상 아님),,,,,,,label_images\1000793115
1000793109,[제주 삼다수] 생수 무라벨 330mL X 80개 (단품),생수·음료,생수/얼음,False,fallback,4,False,False,False,0,생수·얼음 (원재료·알레르기 표시 대상 아님),,,,,,,label_images\1000793109
1000809778,[제주 삼다수] 생수 무라벨 2L X 30개 (단품),생수·음료,생수/얼음,False,fallback,4,False,False,False,0,생수·얼음 (원재료·알레르기 표시 대상 아님),,,,,,,label_images\1000809778
1000809787,[제주 삼다수] 생수 무라벨 330mL X 100개 (단품),생수·음료,생수/얼음,False,fallback,4,False,False,False,0,생수·얼음 (원재료·알레르기 표시 대상 아님),,,,,,,label_images\1000809787
1001454012,[아이시스] 무라벨 초경량 생수 500mL*20개,생수·음료,생수/얼음,False,notice,1,False,False,False,0,생수·얼음 (원재료·알레르기 표시 대상 아님),,,,,,,label_images\1001454012
5136305,[산펠레그리노] 탄산수 (250mL X 6개),생수·음료,탄산수,False,pi,1,False,False,False,0,생수·얼음 (원재료·알레르기 표시 대상 아님),,,,,,,label_images\5136305
5052091,박카스F 120mL*10개,생수·음료,탄산·스포츠음료,False,pi,1,False,False,False,0,이미지 확인 필요,,,,,,,label_images\5052091
5052092,박카스 디카페인 120mL*10개,생수·음료,탄산·스포츠음료,False,pi,1,False,False,False,0,이미지 확인 필요,,,,,,,label_images\5052092
5056670,[코카콜라] 토레타 500mL*6개,생수·음료,과일·야채음료,False,pi,1,False,False,False,0,이미지 확인 필요,,,,,,,label_images\5056670
1002506913,[하늘청] 단호박 식혜 1.2L,생수·음료,차음료,False,fallback,2,False,False,False,0,이미지 확인 필요,,,,,,,label_images\1002506913
1001502403,미에로화이바 (100mL X 10개),생수·음료,어린이음료·선물세트,False,notice,1,False,False,False,0,이미지 확인 필요,,,,,,,label_images\1001502403
1001505686,[남양] 아이꼬야 이온케어 (120mL X 24개),생수·음료,어린이음료·선물세트,False,notice,1,False,False,False,0,이미지 확인 필요,,,,,,,label_images\1001505686
5010159,와일드알프 베이비 워터 (250mL X 12개),생수·음료,어린이음료·선물세트,False,pi,1,False,False,False,0,이미지 확인 필요,,,,,,,label_images\5010159
5051826,[샹달프] 과일잼 170g 5종 (택1),베이커리,잼·스프레드,False,pi,1,False,False,False,0,이미지 확인 필요,,,,,,,label_images\5051826
